m;R_pe;T_pe;R_ga;T_ga
20;9.333333333333334;33.2792333404844;7.0;3855.4975666726627
40;9.333333333333334;32.305766634332635;6.666666666666667;13798.913100035861