algorithm;a;k;Z;runtime_ms
PE;-0.5454545454545454;18.09090909090909;4;0.8
GA;-0.23403045847644144;16.676407891006235;3;0.0
