algorithm;a;k;Z;runtime_ms
PE;0.08468043206587308;5.6206955811443855;6;284.5
GA;3.122410690824715;-16.39750994902289;4;11202.2
