algorithm;a;k;Z;runtime_ms
PE;0.3005769253037331;9.866562375396962;7;336.2
GA;-2.70976896041452;17.677145859328412;5;15630.0
